AZ_SCRIPT,ALT_SCRIPT,ALT,AZ,HA,RA,DEC,LST,ETIQUETA,TIME,
0,85,1.481963872,0.13068596,-0.003063088951,1.310434097,-0.3056033507,4:59:38,898,5/6/2016 14:02:02,104
1.118,34.088,0.5936710969,0.03997986024,-0.01992709264,1.336508116,0.5827302012,5:01:44,845,5/6/2016 14:04:08,358
2.927,53.536,0.9331548459,0.06766195618,-0.03480195912,1.360800677,0.2427202038,5:03:54,842,5/6/2016 14:06:17,352
4.045,25.15,0.436822836,0.08917281471,-0.09069280715,1.427411665,0.7359571256,5:06:21,847,5/6/2016 14:08:44,2
5.854,40.503,0.703465157,0.134378345,-0.09094634552,1.433580713,0.4666964058,5:07:43,846,5/6/2016 14:10:06,0
7.663,65.558,1.142232982,0.1593160202,-0.058350004,1.407541588,0.03014772591,5:09:13,840,5/6/2016 14:11:36,348
8.781,30.502,0.529250142,0.1715416751,-0.168039659,1.52429497,0.6335797178,5:10:50,849,5/6/2016 14:13:12,6
10.59,48.014,0.8331055777,0.2195917561,-0.13397433,1.496459806,0.3284748478,5:12:16,847,5/6/2016 14:14:38,2
13.517,36.441,0.6331638096,0.249701034,-0.2222634557,1.593851097,0.5175952034,5:14:21,852,5/6/2016 14:16:43,12
15.326,57.505,0.9981404848,0.3038938177,-0.1476270667,1.528101172,0.1560339452,5:16:23,847,5/6/2016 14:18:45,2
20.062,73,1.264287221,0.43443065,-0.104136062,1.491801798,-0.1129285662,5:18:02,840,5/6/2016 14:20:23,348
21.18,32.693,0.5666813588,0.382267046,-0.3672024664,1.760977391,0.5439863401,5:19:26,855,5/6/2016 14:21:47,18
22.989,51.325,0.8885477788,0.4305921442,-0.2571817456,1.724574444,0.234159174,5:36:18,853,5/6/2016 14:38:36,14
25.916,38.913,0.6711523365,0.4752146974,-0.385159123,1.874811516,0.4172810488,5:41:24,857,5/6/2016 14:43:42,22
28.843,29.197,0.5053261238,0.5142925306,-0.5193917107,2.021233459,0.5453681356,5:44:12,859,5/6/2016 14:46:29,26
30.652,46.116,0.7969622712,0.5575890081,-0.3799995145,1.888949982,0.2776795443,5:45:50,859,5/6/2016 14:48:06,26
33.579,34.98,0.5993763244,0.6086757958,-0.5240683079,2.038007676,0.422609176,5:46:58,861,5/6/2016 14:49:15,30
35.388,55,0.952983209,0.6390504998,-0.3444328879,1.871735131,0.1177962846,5:50:02,859,5/6/2016 14:52:18,26
38.315,41.526,0.7115319947,0.6948608986,-0.5097505046,2.046996788,0.2919230574,5:52:19,864,5/6/2016 14:54:34,36
40.124,68.029,1.181726733,0.7228632002,-0.2475077119,1.793377943,-0.09162500925,5:54:17,852,5/6/2016 14:56:33,12
41.242,31.334,0.5309857389,0.7436081489,-0.6628232298,2.22539999,0.4039518794,5:58:07,867,5/6/2016 15:00:22,42
43.051,49.251,0.848326006,0.7751023722,-0.4713512113,2.047105554,0.1500841556,6:01:08,863,5/6/2016 15:03:22,34
45.978,37.376,0.6367663032,0.8258537627,-0.6405632707,2.222218904,0.2801622905,6:02:29,868,5/6/2016 15:04:43,44
47.787,59.193,1.027758932,0.8485775181,-0.3921938097,1.980466236,-0.01195335055,6:04:00,863,5/6/2016 15:06:14,34
48.905,27.921,0.4773661091,0.8669911211,-0.796906184,2.391825009,0.3638880831,6:05:32,872,5/6/2016 15:07:45,52
50.714,44.306,0.7585211977,0.9078705405,-0.598137107,2.199025112,0.1504877432,6:06:54,870,5/6/2016 15:09:07,48
52.523,77.652,1.340920512,0.9738845293,-0.1788802178,1.800671948,-0.2573353019,6:11:41,836,5/6/2016 15:13:54,340
53.641,33.561,0.5819728236,0.9436306541,-0.7672774337,2.397145766,0.2457620603,6:13:32,870,5/6/2016 15:15:45,48
55.45,52.689,0.9062280606,0.9898906398,-0.5259054796,2.167675056,0.0118227543,6:16:16,870,5/6/2016 15:18:28,48
58.377,39.9,0.6773380363,1.041163895,-0.7220961387,2.370442036,0.1249038131,6:17:46,878,5/6/2016 15:19:58,64
60.186,64.215,1.108861502,1.073821143,-0.3942005002,2.077193282,-0.146555232,6:25:43,868,5/6/2016 15:27:53,44
61.304,30.009,0.5020716993,1.090404177,-0.888200504,2.583262686,0.1922426216,6:28:29,876,5/6/2016 15:30:39,60
66.04,35.888,0.6107527744,1.16830769,-0.8404771142,2.548703024,0.07800902708,6:31:30,882,5/6/2016 15:33:39,72
67.849,56.54,0.9650239818,1.210660461,-0.5437666382,2.259160916,-0.1290580396,6:33:08,878,5/6/2016 15:35:17,64
68.967,26.673,0.4547371276,1.214253312,-1.001211476,2.725893139,0.1230523492,6:35:16,884,5/6/2016 15:37:25,76
70.776,42.574,0.7258563791,1.252008577,-0.772600793,2.50411772,-0.03659767084,6:36:50,883,5/6/2016 15:38:59,74
72.585,70.929,1.214852677,1.300702549,-0.3324142482,2.070553146,-0.2760918144,6:38:21,874,5/6/2016 15:40:29,56
73.703,32.18,0.545890179,1.299736527,-0.951023403,2.702969485,0.01383881486,6:41:31,887,5/6/2016 15:43:39,82
75.512,50.533,0.8609653407,1.337245267,-0.6746998643,2.431885404,-0.1507314604,6:42:43,884,5/6/2016 15:44:51,76
78.439,38.331,0.6627663246,1.376556861,-0.8847944576,2.647226091,-0.09401050132,6:43:55,888,5/6/2016 15:46:02,84
80.248,61,1.050693215,1.415034854,-0.5201775721,2.29118014,-0.2633705503,6:45:53,884,5/6/2016 15:48:00,76
81.366,28.715,0.4955376735,1.426699679,-1.055436419,2.839413484,-0.06407959217,6:48:51,893,5/6/2016 15:50:58,94
86.102,34.443,0.5909705022,1.511271754,-0.9899651733,2.778121059,-0.1672114295,6:49:49,894,5/6/2016 15:51:55,96
87.911,54.113,0.9297623035,1.545342877,-0.6616165844,2.454956872,-0.296234212,6:51:00,892,5/6/2016 15:53:06,92
89.03,25.452,0.423118245,1.566408975,-1.153904621,2.954380973,-0.1527139175,6:52:38,896,5/6/2016 15:54:44,100
90.839,40.909,0.7076442557,1.591955826,-0.9021406597,2.708208461,-0.2656941715,6:53:55,897,5/6/2016 15:56:01,102
93.766,30.834,0.5262074872,1.644764362,-1.088617309,2.900648238,-0.2526941129,6:55:17,898,5/6/2016 15:57:23,104
98.502,36.813,0.6241574599,1.72866012,-1.003421097,2.822373921,-0.3473189915,6:56:52,902,5/6/2016 15:58:58,112
100.311,58.167,0.99637513,1.758213283,-0.6093386539,2.581670854,-0.4268564425,7:32:02,904,5/6/2016 16:34:01,116
101.429,27.45,0.4558393508,1.781386692,-1.182697086,3.160794651,-0.3475300245,7:33:21,907,5/6/2016 16:35:20,122
105.047,74.608,1.293941936,1.836760263,-0.2900894258,2.295734636,-0.4489822879,7:39:40,975,5/6/2016 16:41:38,258
106.165,33.038,0.5704176455,1.858304008,-1.098125637,3.123272299,-0.4400123508,7:44:08,907,5/6/2016 16:46:05,122
107.974,51.864,0.8986289862,1.88942326,-0.7348426704,2.781711962,-0.4992156714,7:49:06,909,5/6/2016 16:51:03,126
110.901,39.305,0.6754704075,1.941074409,-0.9883245134,3.039669778,-0.5225650982,7:50:08,910,5/6/2016 16:52:04,128
113.828,29.52,0.4988619355,1.993726396,-1.191417225,3.249779767,-0.5408834758,7:51:45,912,5/6/2016 16:53:41,132
118.564,35.341,0.6110753992,2.073736839,-1.081172428,3.148815791,-0.6226956908,7:53:52,915,5/6/2016 16:55:48,138
120.373,55.606,0.9582161874,2.101601025,-0.6437852,2.720067605,-0.6202259415,7:55:51,924,5/6/2016 16:57:46,156
125.109,69.125,1.189361051,2.169223926,-0.3581632702,2.441181039,-0.5804163384,7:57:24,938,5/6/2016 16:59:19,184
126.227,31.671,0.5471876277,2.207155811,-1.170987367,3.261417498,-0.7301395114,7:59:05,918,5/6/2016 17:01:00,144
128.036,49.758,0.8584873802,2.235590018,-0.7467686757,2.842779317,-0.7225838892,8:00:22,926,5/6/2016 17:02:17,160
130.963,37.756,0.6520402867,2.28893779,-1.022778842,3.136565839,-0.7959216396,8:04:27,926,5/6/2016 17:06:21,160
132.772,59.9,1.031799414,2.309793287,-0.5054413382,2.629541575,-0.7038612063,8:06:48,934,5/6/2016 17:08:42,176
137.508,80.757,1.398578222,2.355471878,-0.1268811059,2.269380007,-0.5103890684,8:11:01,972,5/6/2016 17:12:54,252
138.626,33.912,0.5868857775,2.422651825,-1.106083823,3.262110474,-0.9108193064,8:14:07,927,5/6/2016 17:16:00,162
140.435,53.251,0.9210693884,2.44874019,-0.5969343314,2.758169158,-0.8243277794,8:15:19,938,5/6/2016 17:17:11,184
143.362,40.301,0.6921221897,2.50163094,-0.900540908,3.06752761,-0.9510881635,8:16:38,931,5/6/2016 17:18:30,170
146.289,30.337,0.5171711517,2.55537997,-1.19432294,3.364601157,-1.030387415,8:17:23,930,5/6/2016 17:19:15,168
148.098,47.771,0.8190781205,2.576177229,-0.6540733789,2.830319536,-0.9469996373,8:18:46,941,5/6/2016 17:20:37,190
151.025,36.256,0.6266660816,2.637265552,-0.958894985,3.140042028,-1.073744787,8:19:53,936,5/6/2016 17:21:44,180
152.834,57.179,0.9892741318,2.656991669,-0.3980224604,2.585950004,-0.8762120956,8:21:26,944,5/6/2016 17:23:17,196
157.57,72.272,1.250343564,2.699720183,-0.1515990131,2.347593606,-0.6762322453,8:23:17,961,5/6/2016 17:25:08,230
158.688,32.521,0.5622545225,2.771118957,-1.005484473,3.209788213,-1.200363602,8:25:11,942,5/6/2016 17:27:02,192
160.497,51.059,0.8832876349,2.791373542,-0.4050162329,2.617777515,-1.008486403,8:27:08,953,5/6/2016 17:28:58,214
163.424,38.718,0.6669837796,2.847102241,-0.6547130376,2.873755384,-1.197091497,8:28:34,948,5/6/2016 17:30:24,204
166.351,29.036,0.5024298633,2.905114348,-1.037885071,3.264124152,-1.329994613,8:30:13,946,5/6/2016 17:32:03,200
171.087,34.8,0.6078571647,2.982078299,-0.5285897563,0.784775897,-1.316054469,0:58:43,953,5/8/2016 9:53:55,214
172.896,54.701,0.956606441,3.008874953,-0.1349923852,0.4034439384,-1.000240772,1:01:31,957,5/8/2016 9:56:43,222
178.75,31.167,0.5465414543,3.116364723,-0.122936944,0.4053132308,-1.417375578,1:04:43,957,5/8/2016 9:59:54,222
180.559,49,0.8582890405,3.148057882,0.01581974985,0.2963836989,-1.107294854,1:11:33,935,5/8/2016 10:06:43,178
183.486,37.188,0.6528679628,3.198978665,0.1869919257,0.1303128689,-1.308135599,1:12:43,936,5/8/2016 10:07:53,180
185.295,58.847,1.031140648,3.220098792,0.07787247247,0.2598032865,-0.9320364864,1:17:23,934,5/8/2016 10:12:32,176
190.031,76.515,1.341621325,3.226002817,0.04731377751,0.3035363563,-0.6230662112,1:20:25,927,5/8/2016 10:15:33,162
191.149,33.386,0.5881728398,3.334680421,-5.594147688,5.955188627,-1.313867796,1:22:45,944,5/8/2016 10:17:53,196
192.958,52.412,0.9185344402,3.349845605,0.265057609,1.792872505,-1.02153097,7:51:39,936,5/8/2016 16:45:43,180
195.885,39.701,0.7010797025,3.413121587,-5.684792437,6.052182914,-1.188276397,1:24:12,944,5/8/2016 10:19:20,196
198.812,29.846,0.5256254921,3.470984717,-5.196641043,5.571254214,-1.249055424,1:25:51,954,5/8/2016 10:20:59,216
200.621,47.053,0.8290980534,3.4951724,-5.778845729,6.163002458,-1.052603558,1:28:03,944,5/8/2016 10:23:10,196
203.548,35.705,0.6339542073,3.549640577,-5.380819492,5.770873866,-1.144869813,1:29:24,952,5/8/2016 10:24:31,212
205.357,56.225,0.9878592094,3.578731245,0.3897410675,0.01035549856,-0.8971790852,1:31:42,943,5/8/2016 10:26:48,194
208.284,42.362,0.7497889699,3.631286116,-5.533233964,5.941201276,-1.032250716,1:33:30,952,5/8/2016 10:28:36,212
210.093,70.303,1.240531897,3.625017782,0.2169712388,0.1977713971,-0.6801957216,1:35:03,944,5/8/2016 10:30:09,196
211.211,32.009,0.5669566937,3.687313301,-5.165395347,5.590016248,-1.060073945,1:37:19,959,5/8/2016 10:32:25,226
213.02,50.272,0.8894559836,3.710471589,-5.682481195,6.113740329,-0.9087881389,1:38:50,952,5/8/2016 10:33:56,212
215.947,38.139,0.6720233706,3.770269985,-5.331874465,5.7730527,-0.9684263608,1:41:07,961,5/8/2016 10:36:12,230
217.756,60.628,1.069805333,3.789582762,0.4264870597,0.02419601101,-0.7628563031,1:43:17,951,5/8/2016 10:38:22,210
218.874,28.555,0.5145307476,3.822211722,-5.031125303,5.489378465,-0.9512659985,1:45:01,966,5/8/2016 10:40:06,240
220.683,45.201,0.7985875078,3.850988715,-5.491670237,5.959941601,-0.8702509422,1:47:19,959,5/8/2016 10:42:23,226
223.61,34.265,0.6116265301,3.904234896,-5.188185413,5.661817503,-0.8751369159,1:48:33,966,5/8/2016 10:43:37,240
225.419,53.823,0.9452806595,3.935678175,-5.664469928,6.148126709,-0.7627175097,1:50:51,961,5/8/2016 10:45:54,230
228.346,40.706,0.7211754775,3.984930616,0.9439192642,1.126747187,-0.7963376591,7:54:34,968,5/8/2016 16:48:38,244
230.155,66.026,1.170280691,3.990404933,0.3954088885,1.685102868,-0.6319958412,7:56:49,960,5/8/2016 16:50:53,228
231.273,30.668,0.5432769639,4.039252518,1.193513811,0.8946188627,-0.763924049,7:58:34,974,5/8/2016 16:52:37,256
236.009,36.626,0.6508558558,4.121105925,1.050842153,1.04034373,-0.6976464279,7:59:16,975,5/8/2016 16:53:19,258
237.818,57.834,1.026635265,4.141857676,0.5881483896,1.510364612,-0.6263728158,8:00:57,970,5/8/2016 16:54:59,248
238.936,27.294,0.4825688931,4.173713607,1.254314195,0.8519442742,-0.6415082025,8:02:43,979,5/8/2016 16:56:46,266
240.745,43.431,0.7689005149,4.20273288,0.9017930524,1.209726314,-0.6320350632,8:03:55,978,5/8/2016 16:57:58,264
242.554,73.775,1.304450635,4.205901986,0.2861168091,1.85481735,-0.5089578691,8:10:40,943,5/8/2016 17:04:41,194
243.672,32.866,0.5800975173,4.255822733,1.124872324,1.025209503,-0.5839612551,8:12:46,980,5/8/2016 17:06:47,268
245.481,51.593,0.9107019229,4.283976354,0.7333304626,1.420543338,-0.5683204132,8:13:38,979,5/8/2016 17:07:39,266
248.408,39.109,0.6966046371,4.338882587,0.9880287985,1.169636319,-0.5293009456,8:14:30,981,5/8/2016 17:08:31,270
250.217,62.55,1.109182627,4.361872258,0.5167753937,1.644963465,-0.5055434971,8:15:26,980,5/8/2016 17:09:27,268
251.335,29.358,0.51691874,4.389810238,1.172088262,0.9966986456,-0.4608622613,8:17:03,804,5/8/2016 17:11:03,276
256.071,35.16,0.6212097032,4.472928539,1.046093427,1.125107391,-0.4135014406,8:17:36,803,5/8/2016 17:11:36,274
257.88,55.302,0.9753084863,4.502337252,0.6602100536,1.514065484,-0.4393787196,8:18:18,804,5/8/2016 17:12:18,276
258.998,26.059,0.477636481,4.529901227,1.2003822,0.9879182657,-0.3319135199,8:21:31,807,5/8/2016 17:15:31,282
260.807,41.733,0.7338196722,4.554724116,0.9105227584,1.280167188,-0.3733937243,8:22:04,808,5/8/2016 17:16:04,284
262.616,68.568,1.205501623,4.582354553,0.4044378788,1.790115358,-0.4119691216,8:22:57,808,5/8/2016 17:16:57,284
263.734,31.502,0.5727435047,4.612801654,1.083261937,1.126725939,-0.2895487623,8:26:30,810,5/8/2016 17:20:28,288
265.543,49.504,0.8699766403,4.637146113,0.7561761673,1.456766911,-0.3446352251,8:27:10,811,5/8/2016 17:21:09,290
268.471,37.566,0.6640170327,4.690331766,0.9569645037,1.258278873,-0.2554654838,8:27:42,812,5/8/2016 17:21:40,-68
270.28,59.544,1.055421584,4.72368254,0.5639917464,1.659913498,-0.3343756482,8:29:41,815,5/8/2016 17:23:39,298
271.398,28.079,0.5110975026,4.747543829,1.102777178,1.126450436,-0.1604984223,8:30:54,817,5/8/2016 17:24:52,302
275.016,79,1.392220607,4.804145617,0.2035460484,2.039777737,-0.3698083149,8:34:08,891,5/8/2016 17:28:05,90
276.134,33.736,0.6124581059,4.832434406,0.984013892,1.270188929,-0.130641419,8:36:38,819,5/8/2016 17:30:35,306
277.943,52.969,0.933012055,4.856065653,0.6569178113,1.602141267,-0.23115566,8:37:44,823,5/8/2016 17:31:41,314
280.87,40.1,0.7129226221,4.910561975,0.8542923142,1.409511234,-0.1135904659,8:38:50,823,5/8/2016 17:32:46,314
283.797,30.173,0.5426915117,4.963674568,0.9931906086,1.273943103,-0.001713943653,8:39:35,822,5/8/2016 17:33:32,312
288.533,36.071,0.6515604768,5.051919176,0.8699251782,1.40424477,0.01193263234,8:41:12,826,5/8/2016 17:35:08,320
290.342,56.858,1.000249292,5.074394315,0.5418768675,1.738313087,-0.1461176422,8:42:35,830,5/8/2016 17:36:31,328
295.078,71.584,1.265535298,5.176825671,0.296449151,1.993734576,-0.2429339881,8:44:52,847,5/8/2016 17:38:48,2
296.196,32.35,0.5859300128,5.187099852,0.8688425145,1.42800453,0.1400797257,8:46:24,832,5/8/2016 17:40:19,332
298.005,50.795,0.9055396046,5.222123695,0.5887118962,1.726644654,-0.02307224149,8:50:38,834,5/8/2016 17:44:33,336
300.932,38.524,0.6933348756,5.272874708,0.7402972259,1.578399478,0.1331253209,8:51:24,835,5/8/2016 17:45:19,338
302.741,61.378,1.079517001,5.295027708,0.4139446949,1.910833634,-0.09778137922,8:52:48,842,5/8/2016 17:46:42,352
303.859,28.875,0.5105543723,5.313605267,-5.432171041,6.077882983,0.2703403719,2:27:59,835,5/12/2016 11:07:13,338
308.595,34.621,0.6165488028,5.404774301,-5.558404726,6.213299629,0.260892952,2:30:05,839,5/12/2016 11:09:19,346
310.404,54.406,0.9648161081,5.452895355,0.4564172661,0.2037479414,0.03838327745,2:31:18,842,5/12/2016 11:10:31,352
313.331,41.114,0.7217071275,5.480622299,0.5941297404,0.07209244436,0.2290532167,2:32:41,841,5/12/2016 11:11:54,350
316.258,31,0.5465206649,5.531934903,-5.593066817,6.261895933,0.3855437589,2:33:17,842,5/12/2016 11:12:30,352
318.067,48.751,0.858870593,5.574494118,0.4598870069,0.2139070194,0.1672076356,2:34:25,844,5/12/2016 11:13:38,356
320.994,37,0.6559238353,5.625425845,0.561174529,0.1173374962,0.3512246059,2:35:30,846,5/12/2016 11:14:43,0
322.803,58.505,1.033809646,5.682720141,0.3187394376,0.3660976232,0.05909772296,2:36:57,852,5/12/2016 11:16:09,12
327.539,75.513,1.324515314,5.788845379,0.1338381703,0.5642162151,-0.1756690586,2:39:59,866,5/12/2016 11:19:11,40
328.657,33.212,0.5807317635,5.74508923,0.5059881275,0.2021815165,0.4683969531,2:42:18,848,5/12/2016 11:21:29,4
330.466,52.137,0.91333438,5.788912485,0.3100103591,0.4035703995,0.1933146461,2:43:32,852,5/12/2016 11:22:44,12
333.393,39.503,0.6938857396,5.839263624,0.3818620764,0.3356051612,0.4058278184,2:44:26,853,5/12/2016 11:23:37,14
336.32,29.683,0.5228544846,5.889381276,0.4256336076,0.2947762176,0.5780010603,2:45:06,853,5/12/2016 11:24:17,14
341.056,35.523,0.624894913,5.980515335,0.3039490727,0.4221389043,0.5116215394,2:46:24,857,5/12/2016 11:25:35,22
342.865,55.914,0.9764942292,6.005869749,0.1652809986,0.5689112903,0.1795418843,2:48:16,862,5/12/2016 11:27:26,32
347.601,69.703,1.217395468,6.12196881,0.07148185963,0.6699502607,-0.04528926598,2:49:55,871,5/12/2016 11:29:06,50
348.719,31.84,0.5576183868,6.112335447,0.199728747,0.5485427218,0.6045763206,2:51:29,860,5/12/2016 11:30:39,28
350.528,50.014,0.8723044258,6.137765303,0.1073475674,0.6494685111,0.2973630927,2:53:27,863,5/12/2016 11:32:37,34
353.455,37.947,0.661400328,6.18693076,0.09935655913,0.6597539107,0.5109700635,2:53:59,863,5/12/2016 11:33:08,34
355.264,60.261,1.050568563,6.241370899,0.03807292641,0.7263379637,0.1253397663,2:55:11,868,5/12/2016 11:34:21,44
,,,,,,,,,,
15,25,0.4297776073,0.2823140179,-0.3145552334,1.531767864,0.7032328565,4:38:58,851,4/24/2016 14:28:37,10
15,45,0.7815616168,0.27906311,-0.2012196458,1.427096842,0.3683768319,4:40:57,850,4/24/2016 14:30:35,8
15,65,1.129413099,0.3000316919,-0.1128518338,1.34314302,0.03009086614,4:41:58,842,4/24/2016 14:31:36,352
15,85,1.474636029,0.4870914056,-0.02637729396,1.26419285,-0.3084172019,4:43:41,824,4/24/2016 14:33:19,316
25,25,0.4322210937,0.4456093902,-0.5014268914,1.746502186,0.6391336581,4:45:21,857,4/24/2016 14:34:59,22
25,45,0.7783884123,0.4576169503,-0.324751508,1.576470285,0.3267226953,4:46:52,856,4/24/2016 14:36:30,20
25,65,1.124655562,0.4849487058,-0.1827698894,1.440933584,0.006664464698,4:48:21,846,4/24/2016 14:37:58,0
25,85,1.469382433,0.6708279486,-0.04143106493,1.305109058,-0.3135239911,4:49:37,822,4/24/2016 14:39:14,312
35,25,0.428857735,0.6230451315,-0.6599561434,1.93134482,0.5507085492,4:51:23,864,4/24/2016 14:40:59,36
35,45,0.7750581256,0.6336238704,-0.4376141036,1.713756218,0.2669635523,4:52:28,860,4/24/2016 14:42:05,28
35,65,1.121061966,0.6580653341,-0.2481183173,1.529552029,-0.02750289602,4:53:41,853,4/24/2016 14:43:17,14
35,85,1.479074663,0.6668285786,-0.05541072614,1.342410437,-0.3209680946,4:54:58,824,4/24/2016 14:44:34,316
45,25,0.427473625,0.7969658398,-0.7924549019,2.085872695,0.4436769449,4:56:26,870,4/24/2016 14:46:02,48
45,45,0.7724712641,0.8071247375,-0.537883779,1.836827684,0.1916035271,4:57:42,871,4/24/2016 14:47:17,50
45,65,1.117325328,0.8300489191,-0.3073254463,1.612366435,-0.07142745792,4:59:06,857,4/24/2016 14:48:41,22
45,85,1.477339349,0.8438028741,-0.06781511695,1.378360195,-0.3305460533,5:00:21,823,4/24/2016 14:49:56,314
55,25,0.4250276753,0.9718581601,-0.9024846642,2.219657181,0.3228575633,5:01:52,876,4/24/2016 14:51:27,60
55,45,0.7686472081,0.9817549374,-0.6248998917,1.948484804,0.10323287,5:03:21,874,4/24/2016 14:52:55,56
55,65,1.113495996,1.000832156,-0.3592634659,1.688224417,-0.1239284394,5:04:35,863,4/24/2016 14:54:09,34
55,85,1.474809028,1.019826866,-0.07839886939,1.413261549,-0.3419880929,5:05:56,825,4/24/2016 14:55:30,318
65,25,0.4218020791,1.146973699,-0.9942066456,2.336028702,0.1919138848,5:07:31,882,4/24/2016 14:57:05,72
65,45,0.7648776484,1.155351807,-0.6987232862,2.04687417,0.004308161538,5:08:58,881,4/24/2016 14:58:32,70
65,65,1.127913011,1.145466841,-0.4029330295,1.756409856,-0.1836752767,5:10:12,869,4/24/2016 14:59:45,46
65,85,1.472442781,1.186489033,-0.0868207122,1.445618231,-0.3549704342,5:11:25,821,4/24/2016 15:00:58,310
75,25,0.4187418881,1.321606043,-1.071344891,2.437680489,0.05351542932,5:13:08,888,4/24/2016 15:02:42,84
75,45,0.7620745984,1.327496407,-0.7597171361,2.131636379,-0.1029683928,5:14:25,885,4/24/2016 15:03:58,78
75,65,1.121132321,1.323993587,-0.4374269353,1.820103581,-0.2492403823,5:16:53,876,4/24/2016 15:06:26,60
75,85,1.462911975,1.364902051,-0.09281829196,1.483541933,-0.3691270889,5:18:44,815,4/24/2016 15:08:16,298
85,25,0.4277840526,1.490546287,-1.136869435,2.536833864,-0.09043931746,5:20:51,893,4/24/2016 15:10:23,94
85,45,0.7731952372,1.492445872,-0.8081890022,2.211222246,-0.2166864119,5:21:33,893,4/24/2016 15:11:05,94
85,65,1.11586162,1.496666393,-0.4618432677,1.871826626,-0.3191395354,5:23:09,891,4/24/2016 15:12:40,90
85,85,1.478508289,1.488230884,-0.09612756409,1.513294751,-0.3840375404,5:24:47,814,4/24/2016 15:14:19,296
95,25,0.4241627592,1.665823605,-1.193221099,2.61913146,-0.2385165463,5:26:48,899,4/24/2016 15:16:18,106
95,45,0.7666240697,1.667151605,-0.8441008077,2.276278304,-0.335121522,5:28:14,902,4/24/2016 15:17:44,112
95,65,1.129464528,1.66171742,-0.4752138517,1.914328557,-0.3917882512,5:29:49,901,4/24/2016 15:19:20,110
95,85,1.471672224,1.65129999,-0.09667814122,1.543249764,-0.3992669525,5:31:32,809,4/24/2016 15:21:02,286
105,25,0.4159041232,1.842123279,-1.241946403,2.699567331,-0.3897448272,5:34:04,907,4/24/2016 15:23:33,122
105,45,0.7799612956,1.83658053,-0.8666366361,2.328382277,-0.4567290268,5:35:00,907,4/24/2016 15:24:30,122
105,65,1.114130296,1.832713161,-0.4771209975,1.954923805,-0.4655260099,5:38:41,919,4/24/2016 15:28:10,146
105,85,1.46313561,1.783104142,-0.09206790934,1.342713107,-0.4139800094,4:46:38,808,4/26/2016 14:28:23,284
115,25,0.4281694914,2.012079592,-1.283963638,2.542455006,-0.5432019032,4:48:25,910,4/26/2016 14:30:11,128
115,45,0.7722361641,2.009484706,-0.8739518839,2.137432081,-0.5796441406,4:49:34,814,4/26/2016 14:31:19,296
115,65,1.116680028,1.999277505,-0.4642959746,1.733236435,-0.5381157372,4:50:49,923,4/26/2016 14:32:34,154
115,85,1.477877281,1.97386191,-0.08923862553,1.365507298,-0.4284878934,4:52:30,809,4/26/2016 14:34:15,286
125,25,0.4188317061,2.188162886,-1.321867633,2.723397285,-0.6987035629,5:21:12,917,4/26/2016 15:02:52,142
125,45,0.7809206977,2.183725326,-0.8627977735,2.269646003,-0.7028424158,5:22:26,923,4/26/2016 15:04:05,154
125,65,1.124645147,2.1743986,-0.4372724889,1.851055302,-0.6084349075,5:24:01,934,4/26/2016 15:05:40,176
125,85,1.469504011,2.091607197,-0.08133870214,1.500029256,-0.4421063824,5:25:08,807,4/26/2016 15:06:48,282
135,25,0.429500324,2.36035405,-1.349876135,2.784249769,-0.8554647556,5:28:44,923,4/26/2016 15:10:23,154
135,45,0.7712339916,2.353554572,-0.8269019568,2.271497752,-0.8234716779,5:31:05,930,4/26/2016 15:12:43,168
135,65,1.129268548,2.350653188,-0.393824032,1.846421248,-0.6734489474,5:32:55,947,4/26/2016 15:14:33,202
135,85,1.471659458,2.247228401,-0.07090634653,1.532606894,-0.4540794697,5:35:00,803,4/26/2016 15:16:37,274
145,25,0.4230710763,2.534997282,-1.371062577,2.863829726,-1.013133113,5:42:07,929,4/26/2016 15:23:44,166
145,45,0.7729154312,2.525387508,-0.7558666359,2.267929016,-0.9383613467,5:46:32,941,4/26/2016 15:28:08,190
145,65,1.129548935,2.522339384,-0.3329720639,1.85232831,-0.7307315114,5:48:13,955,4/26/2016 15:29:48,218
145,85,1.47421898,2.410478457,-0.05825079441,1.584342331,-0.4642265827,5:49:45,801,4/26/2016 15:31:21,270
155,25,0.4269894018,2.708617705,-1.37700444,2.912314961,-1.171287667,5:51:52,935,4/26/2016 15:33:27,178
155,45,0.7813916793,2.703947943,-0.6330008694,2.175638363,-1.041921937,5:53:33,947,4/26/2016 15:35:07,202
155,65,1.127960956,2.685661448,-0.2546471395,1.802855737,-0.7773118079,5:54:49,958,4/26/2016 15:36:24,224
155,85,1.472956997,2.521064588,-0.04377128355,1.597988876,-0.4721107165,5:56:12,803,4/26/2016 15:37:46,274
165,25,0.4353068656,2.88312035,-1.341402283,2.900540231,-1.329083437,5:57:20,943,4/26/2016 15:38:54,194
165,45,0.783049358,2.878205729,-0.4367274694,2.00086183,-1.124707416,5:58:28,952,4/26/2016 15:40:02,212
165,65,1.130306899,2.857782571,-0.1607950166,1.731040389,-0.8103827504,5:59:52,959,4/26/2016 15:41:26,226
165,85,1.476827964,2.692572569,-0.02777119627,1.601937029,-0.4775158585,6:00:46,802,4/26/2016 15:42:20,272
175,25,0.434387009,3.056714312,-1.052917248,2.631622642,-1.48151827,6:01:49,950,4/26/2016 15:43:22,208
175,45,0.7847902402,3.053948278,-0.158090693,1.741313552,-1.172511505,6:02:51,958,4/26/2016 15:44:24,224
175,65,1.133281416,3.037228048,-0.05589305009,1.644124427,-0.8275416017,6:04:00,962,4/26/2016 15:45:33,232
175,85,1.480757916,2.887234215,-0.007314130442,1.603462922,-0.4802657288,6:05:49,909,4/26/2016 15:47:21,126
185,25,0.4382330182,3.231160204,1.066221044,0.5343878246,-1.478726195,6:06:50,944,4/26/2016 15:48:22,196
185,45,0.7857918866,3.228915906,0.161055702,1.443365704,-1.172049587,6:07:42,937,4/26/2016 15:49:15,182
185,65,1.135101139,3.216158045,0.05305814171,1.554253494,-0.8274148899,6:08:22,931,4/26/2016 15:49:54,170
185,85,1.483617661,3.086220203,0.006234759643,1.605259561,-0.4802802361,6:09:20,911,4/26/2016 15:50:52,130
195,25,0.4401976723,3.406240198,1.341024421,0.2740993316,-1.325971435,6:10:10,952,4/26/2016 15:51:41,212
195,45,0.7902171948,3.396015952,0.4382310008,1.180795857,-1.123438903,6:11:03,942,4/26/2016 15:52:35,192
195,65,1.139836814,3.368492047,0.1579235572,1.463965019,-0.8099731317,6:11:43,934,4/26/2016 15:53:14,176
195,85,1.484695074,3.343375535,0.02307210501,1.602290143,-0.4775304931,6:12:30,915,4/26/2016 15:54:02,138
205,25,0.4398645202,3.581247408,1.375195098,0.2546760118,-1.16818047,6:13:32,960,4/26/2016 15:55:04,228
205,45,0.7895171906,3.575462863,0.6316905882,1.152221806,-1.040362018,6:48:51,949,4/26/2016 16:30:16,206
205,65,1.140329789,3.55628171,0.251791789,1.537580358,-0.7768979541,6:50:06,939,4/26/2016 16:31:31,186
205,85,1.489966281,3.32833705,0.03899504987,1.757982118,-0.4723727737,6:51:50,911,4/26/2016 16:33:15,130
215,25,0.4404138589,3.755887741,1.369251071,0.4349747515,-1.0101413,6:53:30,963,4/26/2016 16:34:55,234
215,45,0.7968954438,3.74658696,0.7540831877,1.063370607,-0.9365608777,6:56:32,956,4/26/2016 16:37:56,220
215,65,1.147887887,3.745805086,-5.949745781,6.113655014,-0.7242911176,0:37:34,942,4/28/2016 10:12:08,192
215,85,1.500381702,3.587083465,0.05786437069,0.1131247784,-0.4582081651,0:39:11,919,4/28/2016 10:13:46,146
225,25,0.4409360023,3.933868757,-4.932613102,5.10955116,-0.8488815656,0:40:33,970,4/28/2016 10:15:07,248
225,45,0.7974935467,3.932260459,-5.456250162,5.64089883,-0.8167331838,0:42:19,963,4/28/2016 10:16:53,234
225,65,1.153582385,3.917825541,-5.889169006,6.082405235,-0.6670269192,0:44:17,949,4/28/2016 10:18:51,206
225,85,1.493025318,3.945178525,0.07061575423,0.1286366157,-0.4481485241,0:45:40,916,4/28/2016 10:20:13,140
235,25,0.4455311913,4.109712915,-4.962398057,5.167108211,-0.6920932789,0:46:55,976,4/28/2016 10:21:28,260
235,45,0.8003740111,4.108556997,-5.420829338,5.630463493,-0.6961018318,0:48:03,970,4/28/2016 10:22:36,248
235,65,1.154824072,4.100229524,-5.845976332,6.061114941,-0.6020116457,0:49:18,959,4/28/2016 10:23:51,226
235,85,1.491234968,4.151131642,0.08113154107,0.1383043123,-0.4362234202,0:50:17,917,4/28/2016 10:24:50,142
245,25,0.4438574874,4.284659466,-4.998530633,5.222775783,-0.5366395793,0:51:24,981,4/28/2016 10:25:56,270
245,45,0.798869949,4.285875341,-5.409917852,5.639140016,-0.5730687498,0:52:32,976,4/28/2016 10:27:04,260
245,65,1.154401196,4.283591361,-5.819122795,6.054895103,-0.5318752959,0:54:02,973,4/28/2016 10:28:34,254
245,85,1.489867283,4.343484893,0.08904123368,0.1517223818,-0.4228227448,0:55:11,914,4/28/2016 10:29:42,136
255,25,0.4439783187,4.460013824,-5.040600947,5.287203213,-0.3829895891,0:56:31,806,4/28/2016 10:31:02,280
255,45,0.7979580208,4.462741908,-5.417438171,5.667789242,-0.4498834887,0:57:23,803,4/28/2016 10:31:54,274
255,65,1.15067102,4.46650791,-5.807104696,6.060710676,-0.4589397944,0:58:07,981,4/28/2016 10:32:39,270
255,85,1.504250643,4.494220558,0.09418287036,0.163697602,-0.4083738772,0:59:06,913,4/28/2016 10:33:37,134
265,25,0.4396469617,4.633801501,-5.089123671,5.353632677,-0.2317238191,1:00:37,810,4/28/2016 10:35:08,288
265,45,0.7943489366,4.638503988,-5.439999818,5.709102566,-0.3283104316,1:01:40,808,4/28/2016 10:36:11,284
265,65,1.147446932,4.6465687,-5.808483313,6.081364106,-0.3852614152,1:02:32,804,4/28/2016 10:37:03,276
265,85,1.501888063,4.720267481,0.09649440377,0.1817696476,-0.3933296556,1:03:46,913,4/28/2016 10:38:17,134
275,25,0.4359965168,4.807332287,-5.145209537,5.428735725,-0.08361202739,1:04:59,816,4/28/2016 10:39:29,300
275,45,0.7901711855,4.812954415,-5.475805394,5.763525643,-0.2099082223,1:05:56,820,4/28/2016 10:40:26,308
275,65,1.143984836,4.824413489,-5.821959486,6.114352231,-0.312669364,1:07:01,826,4/28/2016 10:41:30,320
275,85,1.498077126,4.929597361,0.09589387856,0.2018514983,-0.3781531874,1:08:14,909,4/28/2016 10:42:44,126
285,25,0.4526418498,4.991735546,-5.210557163,5.514059447,0.06032048683,1:09:33,824,4/28/2016 10:44:03,316
285,45,0.7869255415,4.986817873,-5.524172818,5.831678474,-0.09624950205,1:10:29,826,4/28/2016 10:44:58,320
285,65,1.13932121,4.998923851,-5.846419759,6.157226191,-0.2428453036,1:11:14,837,4/28/2016 10:45:43,342
285,85,1.493378959,5.117785175,0.09249727019,0.2240457234,-0.3632995066,1:12:33,908,4/28/2016 10:47:02,124
295,25,0.4472400784,5.165215924,-5.287404586,5.609159401,0.1987069925,1:13:44,830,4/28/2016 10:48:13,328
295,45,0.8002576262,5.175531218,-5.585010546,5.9103463,0.01095777302,1:14:34,833,4/28/2016 10:49:02,334
295,65,1.134831454,5.170534546,-5.880923666,6.210173463,-0.1773640028,1:15:28,847,4/28/2016 10:49:56,2
295,85,1.484351359,5.253563944,0.08644061042,0.286980086,-0.3492075675,1:25:35,902,4/28/2016 11:00:02,112
305,25,0.4384770287,5.335044348,-5.378910121,5.75805841,0.329640594,1:26:54,834,4/28/2016 11:01:20,336
305,45,0.7935174298,5.347450792,-5.658693652,6.044610847,0.1097980859,1:28:27,839,4/28/2016 11:02:53,346
305,65,1.146272524,5.372673227,0.358555333,0.03193387367,-0.1177244891,1:29:30,852,4/28/2016 11:03:56,12
305,85,1.484374343,5.443343179,0.07794779146,0.3195648167,-0.3363077538,1:31:06,900,4/28/2016 11:05:32,108
315,25,0.4413563345,5.514512647,-5.488730715,5.89740675,0.4503696402,1:33:40,842,4/28/2016 11:08:05,352
315,45,0.7816454103,5.507994131,-5.746038927,6.183003924,0.198037363,1:40:09,844,4/28/2016 11:14:33,356
315,65,1.135347213,5.528117619,0.3065558784,0.1373774653,-0.0653610252,1:41:45,858,4/28/2016 11:16:09,24
315,85,1.486906899,5.686520126,0.06727742605,0.3817672535,-0.3249543892,1:42:55,894,4/28/2016 11:17:19,96
325,25,0.440414882,5.691673378,-5.62110682,6.077488607,0.5572567343,1:44:36,847,4/28/2016 11:18:59,2
325,45,0.7819957236,5.684648704,0.4373984046,0.02478572,0.2732096308,1:45:55,850,4/28/2016 11:20:19,8
325,65,1.133858292,5.704349023,0.2472814233,0.2194659617,-0.02159238374,1:46:58,859,4/28/2016 11:21:21,26
325,85,1.4847121,5.876760805,0.05475516958,0.4175850496,-0.3154554846,1:48:15,894,4/28/2016 11:22:38,96
335,25,0.4369208825,5.86562119,-5.779239111,6.257756628,0.6454322735,1:49:40,851,4/28/2016 11:24:03,10
335,45,0.7806417379,5.858027195,0.3245680775,0.1594932703,0.3327236583,1:50:56,857,4/28/2016 11:25:19,22
335,65,1.13174472,5.877729284,0.1820236863,0.3065104996,0.01239479676,1:51:58,861,4/28/2016 11:26:20,30
335,85,1.481517889,6.034917641,0.04082614035,0.4522355016,-0.3080937323,1:53:00,898,4/28/2016 11:27:22,104
345,25,0.4326630486,6.03603145,0.3193550525,0.1773398134,0.7091473957,1:53:50,858,4/28/2016 11:28:12,24
345,45,0.778370306,6.025077644,0.2011588742,0.3000506865,0.3740846447,1:54:52,861,4/28/2016 11:29:14,30
345,65,1.128621421,6.038414692,0.1121527213,0.3928981074,0.03562213283,1:55:45,869,4/28/2016 11:30:07,46
345,85,1.478192228,6.135259369,0.02578834914,0.482831387,-0.3030745277,1:56:34,892,4/28/2016 11:30:56,92
355,25,0.4299051177,6.206139108,0.1137319827,0.4010479872,0.7427442078,1:57:59,863,4/28/2016 11:32:20,34
355,45,0.7794631251,6.221891162,0.07039058404,0.4493289194,0.3952710287,1:59:07,866,4/28/2016 11:33:28,40
355,65,1.127524021,6.205622265,0.03940999977,0.4854379759,0.04738145856,2:00:17,870,4/28/2016 11:34:38,48
355,85,1.476668584,6.280142991,0.01009365493,0.5186973137,-0.3005456778,2:01:11,893,4/28/2016 11:35:32,94